{
"Hi":"*💖HI*... *How are You..!*",
"Good Morning":"*Good Morning 🌅*",
"Good Night":"*Good Night..🌉*",
"Bye":"*Bye bye....*",
"Aslam o Alykum":"> *walykum salam ❤‍🔥🤌🏻*",
"Owner":"*Mr Shaban 🦅*",
"Shaban":"Kis Na Yad Kia Mujha?..🐵",
"Sc":"*Yeah Lain Broo Enjoy Karo🌚*",
"Repo":"*Bass Dekhnaye Aye Ho Ya Kia🙈*",
"Hello":"*G Kesay Hain Aap.😣*",
"Ok":"*Ok Mere Jaan*",
"Hmm":"> *Hamm.🌚*", 
"lanat":"*Lakhhhhhhhhhh Di Lanat 🙌😂*",
"uff":"*💋 Hyee*",
"love":"*Lub you two² 💗😁*"
}
