{
"bye":"https://github.com/MRSHABAN40/SHABAN-MD_DATABASE/raw/refs/heads/main/Stickers/bye.webp",
"good night":"https://github.com/MRSHABAN40/SHABAN-MD_DATABASE/raw/refs/heads/main/Stickers/good-night.webp",
"good morning":"https://github.com/MRSHABAN40/SHABAN-MD_DATABASE/raw/refs/heads/main/Stickers/Good-Morning.webp", 
"hello":"https://github.com/MRSHABAN40/SHABAN-MD_DATABASE/raw/refs/heads/main/Stickers/Hi+Hello.webp",
"hi":"https://github.com/MRSHABAN40/SHABAN-MD_DATABASE/raw/refs/heads/main/Stickers/hi.webp"
}
